ID予約オプション,ID予約,IDオプション,数量,備考
RO-0001,160801771344611,20260122205222_E07C5B3E,1,
RO-0002,160801771344611,20260122205222_4959FA9C,1,
RO-0003,160801769250184,20260122205222_4959FA9C,1,
RO-0004,160801769823684,20260122205222_4959FA9C,1,
RO-0005,160801769823684,20260122205222_F735435B,1,
RO-0006,160801770096943,20260122205222_E07C5B3E,1,
RO-0007,160801771299813,20260122205222_E07C5B3E,1,
RO-0008,160801771299813,20260122205222_F735435B,1,
RO-0009,160801770129641,20260122205222_F735435B,1,
RO-0010,160801770553687,20260122205222_F735435B,1,
RO-0011,160801770553687,20260122205222_0135B48D,1,
RO-0012,160801770553687,20260122205222_3B60CFC2,1,
RO-0013,160801770170994,20260122205222_E07C5B3E,1,
RO-0014,160801770170994,20260122205222_4959FA9C,1,
RO-0015,160801769430469,20260122205222_E07C5B3E,1,
RO-0016,160801769430469,20260122205222_F735435B,1,
RO-0017,160801767524854,20260122205222_E07C5B3E,1,
RO-0018,160801767524854,20260122205222_F735435B,1,
RO-0019,160801769225440,20260122205222_F735435B,1,
RO-0020,160801770906210,20260122205222_E07C5B3E,1,
RO-0021,160801770906210,20260122205222_0135B48D,1,
RO-0022,160801770906210,20260122205222_3B60CFC2,1,
RO-0023,160801765015638,20260122205222_4959FA9C,1,
RO-0024,160801769864013,20260122205222_E07C5B3E,1,
RO-0025,160801769864013,20260122205222_4959FA9C,1,
RO-0026,160801769864013,20260122205222_0135B48D,1,
RO-0027,160801769864013,20260122205222_3B60CFC2,1,
RO-0028,160801769823600,20260122205222_E07C5B3E,1,
RO-0029,160801771036118,20260122205222_E07C5B3E,1,
RO-0030,160801771036118,20260122205222_C239EBF0,1,
RO-0031,160801771760736,20260122205222_E07C5B3E,1,
RO-0032,160801771760736,20260122205222_4959FA9C,1,
RO-0033,160801769245047,20260122205222_E07C5B3E,1,
RO-0034,160801769245047,20260122205222_4959FA9C,1,
RO-0035,160801771898855,20260122205222_F735435B,1,
RO-0036,160801771025335,20260122205222_E07C5B3E,1,
RO-0037,160801769746544,20260122205222_E07C5B3E,1,
RO-0038,160801769746544,20260122205222_F735435B,1,
RO-0039,160801770895085,20260122205222_E07C5B3E,1,
RO-0040,160801770460877,20260122205222_E07C5B3E,1,
RO-0041,160801769846118,20260122205222_E07C5B3E,1,
RO-0042,160801769846118,20260122205222_4959FA9C,1,
RO-0043,160801769822839,20260122205222_E07C5B3E,1,
RO-0044,160801765252433,20260122205222_E07C5B3E,1,
RO-0045,160801765252433,20260122205222_4959FA9C,1,
RO-0046,160801768692851,20260122205222_E07C5B3E,1,
RO-0047,160801771034617,20260122205222_0135B48D,1,
RO-0048,160801769153433,20260122205222_E07C5B3E,1,
RO-0049,160801768290499,20260122205222_E07C5B3E,1,
RO-0050,160801769242405,20260122205222_F735435B,1,
RO-0051,160801767690051,20260122205222_E07C5B3E,1,
RO-0052,160801767690051,20260122205222_F735435B,1,
RO-0053,160801771768352,20260122205222_E07C5B3E,1,
RO-0054,160801770697609,20260122205222_E07C5B3E,1,
RO-0055,160801770697609,20260122205222_4959FA9C,1,
RO-0056,160801770697609,20260122205222_F735435B,1,
RO-0057,160801769755740,20260122205222_4959FA9C,1,
RO-0058,160801769755740,20260122205222_F735435B,1,
RO-0059,160801766943483,20260122205222_E07C5B3E,1,
RO-0060,160801766943483,20260122205222_4959FA9C,1,
RO-0061,160801768194497,20260122205222_E07C5B3E,1,
RO-0062,160801762312385,20260122205222_4959FA9C,1,
RO-0063,160801762312385,20260122205222_0135B48D,1,
RO-0064,160801762312385,20260122205222_A2E78B7A,1,
RO-0065,160801769137404,20260122205222_E07C5B3E,1,
RO-0066,160801769230886,20260122205222_E07C5B3E,1,
RO-0067,160801769230886,20260122205222_4959FA9C,1,
RO-0068,160801769230886,20260122205222_F735435B,1,
RO-0069,160801768030958,20260122205222_E07C5B3E,1,
RO-0070,160801768030958,20260122205222_4959FA9C,1,
RO-0071,160801769236184,20260122205222_E07C5B3E,1,
RO-0072,160801769236184,20260122205222_F735435B,1,
RO-0073,160801764563012,20260122205222_4959FA9C,1,
RO-0074,160801764563012,20260122205222_CC3481D5,1,
RO-0075,160801768745140,20260122205222_E07C5B3E,1,
RO-0076,160801768745140,20260122205222_4959FA9C,1,
RO-0077,160801768745140,20260122205222_C239EBF0,1,
RO-0078,160801767592565,20260122205222_E07C5B3E,1,
RO-0079,160801767053590,20260122205222_E07C5B3E,1,
RO-0080,160801768184266,20260122205222_0135B48D,1,
RO-0081,160801768184266,20260122205222_A2E78B7A,1,
RO-0082,160801767876308,20260122205222_E07C5B3E,1,
RO-0083,160801767876308,20260122205222_4959FA9C,1,
RO-0084,160801767752406,20260122205222_E07C5B3E,1,
RO-0085,160801767752406,20260122205222_3B60CFC2,1,
RO-0086,160801769819662,20260122205222_E07C5B3E,1,
RO-0087,160801769819662,20260122205222_4959FA9C,1,
RO-0088,160801769007242,20260122205222_4959FA9C,1,
RO-0089,160801768318481,20260122205222_E07C5B3E,1,
RO-0090,160801768538666,20260122205222_E07C5B3E,1,
RO-0091,160801767532637,20260122205222_E07C5B3E,1,
RO-0092,160801767532637,20260122205222_F735435B,1,
RO-0093,160801764776106,20260122205222_E07C5B3E,1,
RO-0094,160801769439849,20260122205222_E07C5B3E,1,
RO-0095,160801769439849,20260122205222_F735435B,1,
RO-0096,160801768870165,20260122205222_E07C5B3E,1,
RO-0097,160801768870165,20260122205222_F735435B,1,
RO-0098,160801768433449,20260122205222_E07C5B3E,1,
RO-0099,160801768433449,20260122205222_C239EBF0,1,
RO-0100,160801767949123,20260122205222_E07C5B3E,1,
RO-0101,160801767655826,20260122205222_F735435B,1,
RO-0102,160801767655826,20260122205222_0135B48D,1,
RO-0103,160801767618697,20260122205222_4959FA9C,1,
RO-0104,160801768062399,20260122205222_4959FA9C,1,
RO-0105,160801767973596,20260122205222_E07C5B3E,1,
RO-0106,160801767878120,20260122205222_E07C5B3E,1,
RO-0107,160801767528488,20260122205222_E07C5B3E,1,
RO-0108,160801763601335,20260122205222_E07C5B3E,1,
RO-0109,160801763601335,20260122205222_4959FA9C,1,
RO-0110,160801769269682,20260122205222_E07C5B3E,1,
RO-0111,160801765897059,20260122205222_E07C5B3E,1,
RO-0112,160801770548494,20260122205222_0135B48D,1,
RO-0113,160801767917398,20260122205222_E07C5B3E,1,
RO-0114,160801767917398,20260122205222_0135B48D,1,
RO-0115,160801767917398,20260122205222_A2E78B7A,1,
RO-0116,160801767917398,20260122205222_88F96FD9,1,
RO-0117,160801767917398,20260122205222_3B60CFC2,1,
RO-0118,160801763266162,20260122205222_E07C5B3E,1,
RO-0119,160801768620193,20260122205222_E07C5B3E,1,
RO-0120,160801767165311,20260122205222_F735435B,1,
RO-0121,160801761885488,20260122205222_C239EBF0,1,
RO-0122,160801761279549,20260122205222_E07C5B3E,1,
RO-0123,160801766900454,20260122205222_0135B48D,1,
RO-0124,160801765882894,20260122205222_4959FA9C,1,
RO-0125,160801764675930,20260122205222_E07C5B3E,1,
RO-0126,160801764675930,20260122205222_4959FA9C,1,
RO-0127,160801764675930,20260122205222_3B60CFC2,1,
RO-0128,160801768130836,20260122205222_E07C5B3E,1,
RO-0129,160801768130836,20260122205222_4959FA9C,1,
RO-0130,160801766062357,20260122205222_E07C5B3E,1,
RO-0131,160801766062357,20260122205222_4959FA9C,1,
RO-0132,160801764936273,20260122205222_E07C5B3E,1,
RO-0133,160801764936273,20260122205222_F735435B,1,
RO-0134,160801765857547,20260122205222_0135B48D,1,
RO-0135,160801765857547,20260122205222_A2E78B7A,1,
RO-0136,160801764717010,20260122205222_E07C5B3E,1,
RO-0137,160801764717010,20260122205222_3B60CFC2,1,
RO-0138,160801768347552,20260122205222_E07C5B3E,1,
RO-0139,160801768347552,20260122205222_F735435B,1,
RO-0140,160801766932575,20260122205222_E07C5B3E,1,
RO-0141,160801766932575,20260122205222_3B60CFC2,1,
RO-0142,160801762664463,20260122205222_E07C5B3E,1,
RO-0143,160801762664463,20260122205222_F735435B,1,
RO-0144,160801763015234,20260122205222_4959FA9C,1,
RO-0145,160801763015234,20260122205222_F735435B,1,
RO-0146,160801763301308,20260122205222_E07C5B3E,1,
RO-0147,160801763301308,20260122205222_0135B48D,1,
RO-0148,160801763301308,20260122205222_3B60CFC2,1,
RO-0149,160801762491538,20260122205222_E07C5B3E,1,
RO-0150,160801766802310,20260122205222_E07C5B3E,1,
RO-0151,160801765979758,20260122205222_E07C5B3E,1,
RO-0152,160801765979758,20260122205222_A2E78B7A,1,
RO-0153,160801765965898,20260122205222_E07C5B3E,1,
RO-0154,160801765965898,20260122205222_CC3481D5,1,
RO-0155,160801769164427,20260122205222_F735435B,1,
RO-0156,160801762062583,20260122205222_E07C5B3E,1,
RO-0157,160801763007223,20260122205222_E07C5B3E,1,
RO-0158,160801764072465,20260122205222_CC3481D5,1,
RO-0159,160801761356053,20260122205222_E07C5B3E,1,
RO-0160,160801761356053,20260122205222_4959FA9C,1,
RO-0161,160801761870223,20260122205222_E07C5B3E,1,
RO-0162,160801764692450,20260122205222_E07C5B3E,1,
RO-0163,160801763811815,20260122205222_0135B48D,1,
RO-0164,160801763787092,20260122205222_E07C5B3E,1,
RO-0165,160801762719007,20260122205222_E07C5B3E,1,
RO-0166,160801762809207,20260122205222_4959FA9C,1,
RO-0167,160801763911837,20260122205222_E07C5B3E,1,
RO-0168,160801761306050,20260122205222_E07C5B3E,1,
RO-0169,160801761306050,20260122205222_F735435B,1,
RO-0170,160801760883547,20260122205222_E07C5B3E,1,
RO-0171,160801760883547,20260122205222_0135B48D,1,
RO-0172,160801767673043,20260122205222_4959FA9C,1,
RO-0173,160801767673043,20260122205222_F735435B,1,
RO-0174,160801763947125,20260122205222_E07C5B3E,1,
RO-0175,160801761568931,20260122205222_E07C5B3E,1,
RO-0176,160801761568931,20260122205222_4959FA9C,1,
RO-0177,160801761568931,20260122205222_F735435B,1,
RO-0178,160801761568931,20260122205222_C239EBF0,1,
RO-0179,160801762933442,20260122205222_E07C5B3E,1,
RO-0180,160801762933442,20260122205222_F735435B,1,
RO-0181,160801767186712,20260122205222_E07C5B3E,1,
RO-0182,160801763218502,20260122205222_E07C5B3E,1,
RO-0183,160801763302296,20260122205222_E07C5B3E,1,
RO-0184,160801763302296,20260122205222_4959FA9C,1,
RO-0185,160801763302296,20260122205222_F735435B,1,
RO-0186,160801763302296,20260122205222_A2E78B7A,1,
RO-0187,160801763526107,20260122205222_E07C5B3E,1,
RO-0188,160801764489499,20260122205222_E07C5B3E,1,
RO-0189,160801761617341,20260122205222_F735435B,1,
RO-0190,160801762861407,20260122205222_E07C5B3E,1,
RO-0191,160801761050717,20260122205222_4959FA9C,1,
RO-0192,160801761050717,20260122205222_F735435B,1,
RO-0193,160801761540106,20260122205222_E07C5B3E,1,
RO-0194,160801757196445,20260122205222_F735435B,1,
RO-0195,160801757196445,20260122205222_0135B48D,1,
RO-0196,160801757459926,20260122205222_4959FA9C,1,
RO-0197,160801761383445,20260122205222_E07C5B3E,1,
RO-0198,160801761383445,20260122205222_F735435B,1,
RO-0199,160801762899161,20260122205222_0135B48D,1,
RO-0200,160801761391500,20260122205222_E07C5B3E,1,
RO-0201,160801761391500,20260122205222_CC3481D5,1,
RO-0202,160801758805424,20260122205222_E07C5B3E,1,
RO-0203,160801761027929,20260122205222_0135B48D,1,
RO-0204,160801761027929,20260122205222_A2E78B7A,1,
RO-0205,160801761027929,20260122205222_88F96FD9,1,
RO-0206,160801763210468,20260122205222_F735435B,1,
RO-0207,160801761017924,20260122205222_E07C5B3E,1,
RO-0208,160801763134588,20260122205222_0135B48D,1,
RO-0209,160801761839001,20260122205222_E07C5B3E,1,
RO-0210,160801764300370,20260122205222_4959FA9C,1,
RO-0211,160801764300370,20260122205222_F735435B,1,
RO-0212,160801761994412,20260122205222_E07C5B3E,1,
RO-0213,160801765709484,20260122205222_E07C5B3E,1,
RO-0214,160801765709484,20260122205222_F735435B,1,
RO-0215,160801760881910,20260122205222_E07C5B3E,1,
RO-0216,160801760881910,20260122205222_3B60CFC2,1,
RO-0217,160801762576703,20260122205222_0135B48D,1,
RO-0218,160801761861293,20260122205222_E07C5B3E,1,
RO-0219,160801756093092,20260122205222_E07C5B3E,1,
RO-0220,160801760770416,20260122205222_E07C5B3E,1,
RO-0221,160801760770416,20260122205222_4959FA9C,1,
RO-0222,160801759197744,20260122205222_E07C5B3E,1,
RO-0223,160801755393317,20260122205222_E07C5B3E,1,
RO-0224,160801755393317,20260122205222_4959FA9C,1,
RO-0225,160801759384432,20260122205222_E07C5B3E,1,
RO-0226,160801759384432,20260122205222_4959FA9C,1,
RO-0227,160801762178321,20260122205222_4959FA9C,1,
RO-0228,160801762178321,20260122205222_F735435B,1,
RO-0229,160801762178321,20260122205222_C239EBF0,1,
RO-0230,160801762178321,20260122205222_0135B48D,1,
RO-0231,160801762178321,20260122205222_3B60CFC2,1,
RO-0232,160801757815693,20260122205222_4959FA9C,1,
RO-0233,160801759821818,20260122205222_E07C5B3E,1,
RO-0234,160801760422546,20260122205222_E07C5B3E,1,
RO-0235,160801760422546,20260122205222_F735435B,1,
RO-0236,160801755583440,20260122205222_E07C5B3E,1,
RO-0237,160801761103187,20260122205222_4959FA9C,1,
RO-0238,160801756276823,20260122205222_F735435B,1,
RO-0239,160801756781547,20260122205222_0135B48D,1,
RO-0240,160801756781547,20260122205222_A2E78B7A,1,
RO-0241,160801761359882,20260122205222_4959FA9C,1,
RO-0242,160801757756693,20260122205222_F735435B,1,
RO-0243,160801759450532,20260122205222_E07C5B3E,1,
RO-0244,160801758001064,20260122205222_E07C5B3E,1,
RO-0245,160801758001064,20260122205222_CC3481D5,1,
RO-0246,160801758001064,20260122205222_0135B48D,1,
RO-0247,160801759045030,20260122205222_E07C5B3E,1,
RO-0248,160801759045030,20260122205222_CC3481D5,1,
RO-0249,160801759045030,20260122205222_0135B48D,1,
RO-0250,160801760686313,20260122205222_E07C5B3E,1,
RO-0251,160801756522496,20260122205222_E07C5B3E,1,
RO-0252,160801763697750,20260122205222_4959FA9C,1,
RO-0253,160801763697750,20260122205222_F735435B,1,
RO-0254,160801759568321,20260122205222_4959FA9C,1,
RO-0255,160801758029735,20260122205222_E07C5B3E,1,
RO-0256,160801756446709,20260122205222_4959FA9C,1,
RO-0257,160801759760113,20260122205222_4959FA9C,1,
RO-0258,160801760667609,20260122205222_E07C5B3E,1,
RO-0259,160801760667609,20260122205222_F735435B,1,
RO-0260,160801762128990,20260122205222_E07C5B3E,1,
RO-0261,160801762128990,20260122205222_0135B48D,1,
RO-0262,160801760382372,20260122205222_F735435B,1,
RO-0263,160801763088977,20260122205222_E07C5B3E,1,
RO-0264,160801763088977,20260122205222_0135B48D,1,
RO-0265,160801763088977,20260122205222_3B60CFC2,1,
RO-0266,160801757413532,20260122205222_0135B48D,1,
RO-0267,160801760404837,20260122205222_E07C5B3E,1,
RO-0268,160801759540743,20260122205222_E07C5B3E,1,
RO-0269,160801758198473,20260122205222_E07C5B3E,1,
RO-0270,160801759533273,20260122205222_E07C5B3E,1,
RO-0271,160801756646985,20260122205222_4959FA9C,1,
RO-0272,160801761910309,20260122205222_E07C5B3E,1,
RO-0273,160801754184211,20260122205222_0135B48D,1,
RO-0274,160801759930361,20260122205222_E07C5B3E,1,
RO-0275,160801759930361,20260122205222_0135B48D,1,
RO-0276,160801759140471,20260122205222_E07C5B3E,1,
RO-0277,160801759140471,20260122205222_F735435B,1,
RO-0278,160801761471397,20260122205222_E07C5B3E,1,
RO-0279,160801760254176,20260122205222_CC3481D5,1,
RO-0280,160801758334911,20260122205222_E07C5B3E,1,
RO-0281,160801758025709,20260122205222_4959FA9C,1,
RO-0282,160801757030137,20260122205222_4959FA9C,1,
RO-0283,160801757030137,20260122205222_F735435B,1,
RO-0284,160801757806077,20260122205222_E07C5B3E,1,
RO-0285,160801757806077,20260122205222_F735435B,1,
RO-0286,160801758877994,20260122205222_E07C5B3E,1,
RO-0287,160801758877994,20260122205222_4959FA9C,1,
RO-0288,160801760431878,20260122205222_0135B48D,1,
RO-0289,160801760431878,20260122205222_88F96FD9,1,
RO-0290,160801758200279,20260122205222_E07C5B3E,1,
RO-0291,160801758200279,20260122205222_0135B48D,1,
RO-0292,160801757893936,20260122205222_E07C5B3E,1,
RO-0293,160801757893936,20260122205222_0135B48D,1,
RO-0294,160801757893936,20260122205222_A2E78B7A,1,
RO-0295,160801759066218,20260122205222_E07C5B3E,1,
RO-0296,160801757473959,20260122205222_E07C5B3E,1,
RO-0297,160801757473959,20260122205222_4959FA9C,1,
RO-0298,160801756943132,20260122205222_E07C5B3E,1,
RO-0299,160801756943132,20260122205222_A2E78B7A,1,
RO-0300,160801757677387,20260122205222_E07C5B3E,1,
RO-0301,160801757677387,20260122205222_4959FA9C,1,
RO-0302,160801758269830,20260122205222_E07C5B3E,1,
RO-0303,160801758269830,20260122205222_CC3481D5,1,
RO-0304,160801758170360,20260122205222_E07C5B3E,1,
RO-0305,160801758170360,20260122205222_F735435B,1,
RO-0306,160801758170360,20260122205222_CC3481D5,1,
RO-0307,160801759400949,20260122205222_E07C5B3E,1,
RO-0308,160801759112201,20260122205222_E07C5B3E,1,
RO-0309,160801759116597,20260122205222_E07C5B3E,1,
RO-0310,160801758208718,20260122205222_E07C5B3E,1,
RO-0311,160801756823834,20260122205222_E07C5B3E,1,
RO-0312,160801756823834,20260122205222_CC3481D5,1,
RO-0313,160801756823834,20260122205222_0135B48D,1,
RO-0314,160801758946121,20260122205222_4959FA9C,1,
RO-0315,160801756817852,20260122205222_E07C5B3E,1,
RO-0316,160801756817852,20260122205222_4959FA9C,1,
RO-0317,160801756820259,20260122205222_E07C5B3E,1,
RO-0318,160801754751004,20260122205222_4959FA9C,1,
RO-0319,160801754751004,20260122205222_F735435B,1,
RO-0320,160801758286175,20260122205222_E07C5B3E,1,
RO-0321,160801757157874,20260122205222_E07C5B3E,1,
RO-0322,160801757157874,20260122205222_C239EBF0,1,
RO-0323,160801758810714,20260122205222_E07C5B3E,1,
RO-0324,160801758810714,20260122205222_4959FA9C,1,
RO-0325,160801758810714,20260122205222_F735435B,1,
RO-0326,160801757418115,20260122205222_E07C5B3E,1,
RO-0327,160801757421979,20260122205222_E07C5B3E,1,
RO-0328,160801754482837,20260122205222_E07C5B3E,1,
RO-0329,160801757542275,20260122205222_E07C5B3E,1,
RO-0330,160801747146831,20260122205222_4959FA9C,1,
RO-0331,160801747146831,20260122205222_F735435B,1,
RO-0332,160801747146831,20260122205222_CC3481D5,1,
RO-0333,160801754891678,20260122205222_E07C5B3E,1,
RO-0334,160801756038146,20260122205222_E07C5B3E,1,
RO-0335,160801755679672,20260122205222_E07C5B3E,1,
RO-0336,160801753954283,20260122205222_E07C5B3E,1,
RO-0337,160801755937290,20260122205222_E07C5B3E,1,
RO-0338,160801754539785,20260122205222_0135B48D,1,
RO-0339,160801753086274,20260122205222_E07C5B3E,1,
RO-0340,160801753086274,20260122205222_F735435B,1,
RO-0341,160801754283426,20260122205222_4959FA9C,1,
RO-0342,160801751718204,20260122205222_E07C5B3E,1,
RO-0343,160801755040145,20260122205222_0135B48D,1,
RO-0344,160801755040145,20260122205222_A2E78B7A,1,
RO-0345,160801755208411,20260122205222_E07C5B3E,1,
RO-0346,160801753193761,20260122205222_E07C5B3E,1,
RO-0347,160801753193761,20260122205222_CC3481D5,1,
RO-0348,160801750776728,20260122205222_E07C5B3E,1,
RO-0349,160801753445285,20260122205222_0135B48D,1,
RO-0350,160801751779379,20260122205222_E07C5B3E,1,
RO-0351,160801753322759,20260122205222_E07C5B3E,1,
RO-0352,160801753322759,20260122205222_F735435B,1,
RO-0353,160801749303912,20260122205222_4959FA9C,1,
RO-0354,160801751687726,20260122205222_E07C5B3E,1,
RO-0355,160801751687726,20260122205222_4959FA9C,1,
RO-0356,160801749214491,20260122205222_E07C5B3E,1,
RO-0357,160801747780399,20260122205222_E07C5B3E,1,
RO-0358,160801747780399,20260122205222_F735435B,1,
RO-0359,160801749275915,20260122205222_E07C5B3E,1,
RO-0360,160801749275915,20260122205222_F735435B,1,
RO-0361,160801749274866,20260122205222_E07C5B3E,1,
RO-0362,160801749274866,20260122205222_F735435B,1,
RO-0363,160801749181664,20260122205222_E07C5B3E,1,
RO-0364,160801749181664,20260122205222_F735435B,1,
RO-0365,160801747747436,20260122205222_E07C5B3E,1,
RO-0366,160801745032497,20260122205222_4959FA9C,1,
RO-0367,160801745030630,20260122205222_E07C5B3E,1,
RO-0368,160801745030630,20260122205222_4959FA9C,1,
RO-0369,160801748094426,20260122205222_E07C5B3E,1,
RO-0370,160801748094426,20260122205222_4959FA9C,1,
RO-0371,160801748385607,20260122205222_F735435B,1,
RO-0372,160801747056370,20260122205222_F735435B,1,
RO-0373,160801744938638,20260122205222_E07C5B3E,1,
RO-0374,160801744938638,20260122205222_F735435B,1,
662d56cc-9bf6-418c-84f3-79aaf63ad0f4,e7df7759-cfdb-4ce8-be45-5491d96cbb38,20260122205222_0135B48D,1,
cbb33cdb-caee-41fa-a380-428390764039,1c5e7a0e-02b9-4485-9f31-1ff341abd93b,20260122205222_E07C5B3E,1,
20260302105635_0D3WO0,20260302105635_0D3WR,20260122205222_E07C5B3E,1,
4cb839ab-b4c1-4c22-b0f8-332b12646efb,dda7eda3-6672-415e-b25c-96d577071ae9,20260122205222_A2E78B7A,1,
a82c2a1d-826c-4cbb-8908-d33279244f3d,a080984f-e62e-4bef-a795-ec7338235c48,20260122205222_C239EBF0,1,
812fa4d0-dd1a-4031-a2e2-6445463d6239,a080984f-e62e-4bef-a795-ec7338235c48,20260122205222_F735435B,1,
dda6d6b2-33b9-464b-983d-8861ad4bee13,a080984f-e62e-4bef-a795-ec7338235c48,20260122205222_A2E78B7A,1,
562186b8-775a-4e47-b452-ef8f6f8c55c4,a080984f-e62e-4bef-a795-ec7338235c48,20260122205222_0135B48D,1,
89346608-fdf8-49c7-8895-484481e05b09,2264e715-8546-4c25-9fee-aed431b14a42,20260122205222_F735435B,1,
6976429c-7d29-41d0-8a79-a61504f409e0,2264e715-8546-4c25-9fee-aed431b14a42,20260122205222_C239EBF0,1,
6969d360-3bf2-4241-952f-4a332e7a8c86,136d692f-86ee-41b0-b78d-bc206a041429,20260122205222_E07C5B3E,1,
0b70acd9-6cb6-4533-be5c-dd094ee56087,358f1f16-f9ba-4978-87f9-7ffead9df86e,20260122205222_E07C5B3E,1,
3e9c6d3b-7ef6-4613-a586-a7b894331762,652dfe82-36c1-49de-b374-b872e23a9fd1,20260122205222_E07C5B3E,1,
65b27497-cf4e-4514-ae53-6397456d045b,ae7672ca-a1a4-4497-afc0-f80e8120f122,20260122205222_E07C5B3E,1,
14ae5b35-e218-4f31-b971-0c9cf6c346d4,4876e4f4-2fb3-4af4-8e2b-b07b1bab6cdc,20260122205222_F735435B,1,
a3a85d49-00f6-4125-946e-a8310b377b5d,7a09dd3d-793b-4095-89db-0beef75db84d,20260122205222_F735435B,1,
8c95bf76-847a-4043-a79a-c9ae13037498,b1cf951a-a1e0-46ec-b1d2-16b98ffedbe9,20260122205222_C239EBF0,1,
b48c2e68-f502-40f2-a058-480d47f86fa7,e53e1bef-dc94-45eb-9f89-527021c2294d,20260122205222_CC3481D5,1,
67b627b5-dfa6-4f47-bca8-81b8edc9aa58,d2e70568-61fe-4bbf-ae61-a7f1ed95e88b,20260122205222_4959FA9C,1,
bec501b5-2090-465c-9b49-ca26f1a3ae26,2f9c8978-19c2-4a55-a011-85317240fab8,20260122205222_E07C5B3E,1,
e0cd4439-e108-46bd-b0de-d3fe7c8df407,00a0dd72-d8c6-4671-a564-8d91a753e91a,20260122205222_E07C5B3E,1,
df7601d2-9ec6-436c-8a1d-18c1871d646e,b8d15802-6bc2-4242-a8f0-e5f6350c5cfd,20260122205222_E07C5B3E,1,
e31fcce2-50e7-4daf-818f-033c4df22b7e,b8d15802-6bc2-4242-a8f0-e5f6350c5cfd,20260122205222_4959FA9C,1,
6579dcc1-c0d7-48e9-8865-90b4d6c71f7a,160801762312385,20260122205222_F735435B,1,
,,,,
1a1f5259-03c8-49dc-8c55-ad9ec079392a,d48a12c9-dac4-48b9-a1ab-ece4fe81684b,20260122205222_E07C5B3E,1,
67988f45-9c00-4a9f-aab1-1cdeff3b5339,d48a12c9-dac4-48b9-a1ab-ece4fe81684b,20260122205222_4959FA9C,1,
92104a02-1c3d-4279-bf16-54d1839ae24e,47965d70-d84f-435e-a3c7-73d7b8ad1957,20260122205222_E07C5B3E,1,
124ef06b-9b7e-4352-96a5-ad3de0456e76,47965d70-d84f-435e-a3c7-73d7b8ad1957,20260122205222_4959FA9C,1,
6d963a74-8523-4cd7-8df0-c8ed74a199fb,84213030-d7d3-4959-9d50-fb185b84110c,20260122205222_E07C5B3E,1,
353e1368-c211-47ce-b1eb-e4923c8f1665,e60588fa-7ea6-4b41-8390-d3e583b91ce2,20260122205222_E07C5B3E,1,
8b5613a0-b7ae-49ae-b99d-8cce8e05b98e,e60588fa-7ea6-4b41-8390-d3e583b91ce2,20260122205222_F735435B,1,