ID商品,商品名,単価,商品画像,説明,有効
20260122221603_1ABBBDDE,Photo Art,16500,商品_Images/20260122221603_1ABBBDDE.商品画像.081505.png,,TRUE
20260122221603_89E1D2A3,Original Tshirt,4620,商品_Images/20260122221603_89E1D2A3.商品画像.081525.png,,TRUE
20260122221603_3A4DD813,Acrylic Keychain（1set）,2750,商品_Images/20260122221603_3A4DD813.商品画像.081725.png,,TRUE
20260122221603_51A59817,Acrylic Keychain（1parts）,550,商品_Images/20260122221603_51A59817.商品画像.081746.png,,TRUE
20260122221603_9F36F58F,Photo Frame（小）,9900,商品_Images/20260122221603_9F36F58F.商品画像.081830.png,,TRUE
20260122221603_120905EE,Photo Frame（中）,11000,商品_Images/20260122221603_120905EE.商品画像.081845.png,,TRUE
20260122221603_1506A1F2,Photo Frame（大）,13200,商品_Images/20260122221603_1506A1F2.商品画像.081900.png,,TRUE
20260122221603_0D8D9CDB,Photo Magazine,27500,商品_Images/20260122221603_0D8D9CDB.商品画像.081942.png,,TRUE
20260122221603_C634FB71,A Set,67300,商品_Images/20260122221603_C634FB71.商品画像.082016.png,,TRUE
20260122221603_7B74DD73,B Set,52400,商品_Images/20260122221603_7B74DD73.商品画像.082048.png,,TRUE
20260122221603_C747F965,C Set,42500,商品_Images/20260122221603_C747F965.商品画像.082111.png,,TRUE
20260122221603_90368929,Photo Frame Set,26400,商品_Images/20260122221603_90368929.商品画像.082140.png,,TRUE